month,CGB_1Y,CGB_3Y,CGB_10Y,AA_CREDIT_YIELD_3Y,CBOND_NEW_COMPOSITE_WEALTH,CBA02201.CS,CSI300_TR,CSI300,AU9999,NHCI
2002-01,2.3164,2.5414,3.2186,,100.8346,,,,,
2002-02,2.056,2.3386,3.1315,,101.5939,,,,,
2002-03,1.875,2.1408,2.8551,,102.7205,,,,,
2002-04,1.9305,2.0682,2.5022,,104.2087,,,,,
2002-05,1.8519,1.9866,2.381,,105.4185,,,,,
2002-06,1.7864,1.9944,2.5798,,104.7085,,,,,
2002-07,1.7808,2.074,2.869,,103.9327,,,,,
2002-08,1.8121,2.1508,3.0595,,103.0126,,,,,
2002-09,1.6107,2.0367,3.1397,,103.3452,,,,,
2002-10,2.0243,2.2881,2.9978,,102.8093,,,,,
2002-11,1.6542,2.1896,3.5248,,102.9823,,,,,
2002-12,2.0946,2.3988,3.1776,,103.577,,,,,
2003-01,2.1187,2.3951,3.0984,,103.9306,,,,,
2003-02,1.2909,1.8086,3.1225,,104.3218,,,,,
2003-03,2.05,2.2833,2.9228,,104.772,,,,,
2003-04,2.1879,2.3441,2.834,,105.2485,,,,,
2003-05,2.0392,2.255,2.8717,,105.5363,,,,,
2003-06,2.0458,2.3196,3.0821,,105.2934,,,,,
2003-07,2.3117,2.4828,2.9294,,105.7852,,,,,
2003-08,2.5643,2.6199,2.831,,105.7848,,,,,
2003-09,2.3225,2.5869,3.2369,,104.9519,,,,,
2003-10,2.7334,2.9101,3.3235,,104.3326,,,,,
2003-11,2.0039,2.5285,3.933,,104.2484,,,,,
2003-12,1.9806,2.3597,3.3602,,105.3398,,,,,
2004-01,2.3698,2.7658,3.8706,,104.9063,,,,108.09,
2004-02,2.4287,2.8413,3.8105,,105.522,,,,106.94,
2004-03,2.395,2.7984,3.9169,,105.1857,,,,112.21,
2004-04,2.8362,3.2116,4.2841,,103.7836,,,,104.54,
2004-05,3.0515,3.4663,4.6123,,104.1039,,,,105.13,
2004-06,3.0914,3.4112,4.348,,104.0023,,,,104.71,1007.12
2004-07,2.7407,3.2372,4.6018,,104.6238,,,,104.16,965.71
2004-08,3.0397,3.7048,5.1676,,104.7494,,,,108.23,979.1
2004-09,2.9554,3.5547,5.1266,,104.6277,,,,108.68,997.0
2004-10,3.2635,3.6881,4.8246,,104.8669,,,,113.2,958.46
2004-11,3.0084,3.6667,5.3419,,104.846,,,,120.5,979.04
2004-12,2.9202,3.4883,4.7332,,105.7989,,1000.0,,118.08,974.03
2005-01,2.8151,3.3957,4.8982,,106.3875,,954.88,954.88,113.32,969.32
2005-02,2.7235,3.3206,4.8334,,107.3028,,1039.99,1039.99,116.45,1036.34
2005-03,2.6001,3.0035,4.1203,,108.1695,,942.2,942.2,114.08,1074.87
2005-04,2.6853,3.0529,4.0441,,109.3091,,932.4,932.4,115.2,1055.44
2005-05,2.4216,2.8116,3.8469,,109.8963,,855.95,855.95,111.26,1069.56
2005-06,2.1058,2.5367,3.653,,110.9913,,878.69,878.69,115.45,1087.64
2005-07,1.6115,2.1057,3.3874,,111.9497,100.23,888.54,888.16,111.67,1105.58
2005-08,1.4272,2.0243,3.5608,,112.1777,100.44,939.45,927.92,113.4,1093.86
2005-09,1.3577,1.8788,3.2404,,112.8663,100.55,928.78,917.39,121.84,1103.74
2005-10,1.426,1.8675,3.0613,,113.3405,100.76,884.12,876.28,122.41,1108.3
2005-11,1.785,2.2061,3.3255,,112.7635,100.76,879.12,873.83,129.0,1088.21
2005-12,1.7782,2.1438,3.1216,,113.399,100.83,923.45,923.45,133.55,1167.08
2006-01,1.6571,2.0097,2.9795,,114.2408,101.13,1009.6,1009.6,143.95,1239.5
2006-02,1.703,2.026,2.9266,,114.2639,101.19,1053.01,1053.01,143.44,1205.5
2006-03,1.71,2.1355,2.94,,114.5049,101.38,1061.09,1061.09,150.4,1231.01
2006-04,1.725,2.24,3.0,,114.4792,101.48,1173.67,1172.35,164.39,1323.29
2006-05,1.7373,2.24,3.02,,114.604,101.63,1373.19,1365.45,168.83,1392.46
2006-06,2.01,2.48,3.165,,114.1232,101.69,1413.07,1393.96,154.02,1300.96
2006-07,2.23,2.5209,3.26,,114.0682,101.77,1316.29,1294.33,163.1,1277.94
2006-08,2.031,2.451,3.238,,114.574,102.05,1362.68,1338.69,159.15,1228.82
2006-09,2.015,2.361,2.999,,115.4246,102.32,1429.71,1403.27,153.51,1237.53
2006-10,2.0104,2.3215,2.9512,,115.8087,102.44,1492.08,1464.47,152.1,1239.51
2006-11,2.0508,2.3713,2.9781,,115.9999,102.63,1746.67,1714.36,160.9,1247.92
2006-12,2.089,2.4413,3.0269,,116.1421,102.89,2079.9,2041.05,159.34,1247.22
2007-01,2.07,2.4711,3.0671,,116.3816,103.13,2430.74,2385.33,161.22,1215.5
2007-02,2.135,2.5365,3.1466,,116.4859,103.33,2593.02,2544.57,167.25,1263.45
2007-03,2.25,2.6455,3.4338,,116.4069,103.56,2834.75,2781.78,165.36,1295.37
2007-04,2.2879,2.8511,3.5916,,116.3546,103.79,3627.87,3558.71,168.23,1295.81
2007-05,2.49,3.1608,4.06,3.8833,115.9633,104.0,4008.88,3927.95,162.16,1264.56
2007-06,2.68,3.4851,4.45,4.1937,115.1973,104.18,3853.54,3764.08,158.8,1226.72
2007-07,2.8525,3.3898,4.3401,4.6147,115.5274,104.47,4573.33,4460.56,162.21,1280.22
2007-08,2.8258,3.4466,4.2743,4.4478,116.0693,104.75,5432.75,5296.81,162.03,1293.99
2007-09,3.1766,3.531,4.3877,4.9764,115.9772,104.98,5724.4,5580.81,178.2,1348.75
2007-10,3.36,3.72,4.4937,5.0606,116.0087,105.14,5835.21,5688.54,188.68,1365.64
2007-11,3.77,4.06,4.5086,5.3341,115.6872,105.29,4859.55,4737.41,190.23,1330.96
2007-12,3.6774,3.9922,4.4253,5.4288,116.1804,105.67,5475.9,5338.27,195.03,1362.77
2008-01,3.43,3.89,4.1937,5.5446,116.9878,106.06,4739.52,4620.4,213.98,1367.36
2008-02,3.31,3.68,4.1283,5.5133,117.6717,106.38,4795.07,4674.55,221.35,1496.85
2008-03,3.1081,3.6443,4.046,5.4954,118.3451,106.75,3888.42,3790.53,212.0,1385.54
2008-04,3.225,3.669,4.0725,5.5751,118.6539,107.08,4062.94,3959.12,198.13,1370.06
2008-05,3.359,3.703,4.1589,5.6027,118.8861,107.4,3711.73,3611.33,195.79,1393.34
2008-06,3.5467,3.945,4.5285,5.6397,118.6127,107.72,2882.43,2791.82,204.59,1473.95
2008-07,3.5405,3.9285,4.4401,5.74,118.9689,108.09,2902.64,2805.21,201.0,1405.15
2008-08,3.487,3.7681,4.2234,5.7389,119.9098,108.48,2475.64,2391.64,183.98,1333.2
2008-09,3.3481,3.3919,3.7155,5.3086,122.1143,108.9,2323.22,2243.66,192.75,1225.15
2008-10,2.527,2.5605,3.0751,4.5549,125.0604,109.7,1722.99,1663.66,164.0,949.73
2008-11,1.8991,1.9838,2.9905,4.03,126.4326,110.38,1895.91,1829.92,179.01,891.25
2008-12,1.102,1.323,2.7521,3.6986,128.3216,111.16,1883.37,1817.72,190.65,885.11
2009-01,1.0884,1.4432,3.0368,3.6272,127.712,111.18,2106.09,2032.68,188.49,939.13
2009-02,1.0119,1.6935,3.1508,3.5576,127.6517,111.31,2217.79,2140.49,207.51,964.12
2009-03,0.967,1.6167,3.1612,3.4572,127.8652,111.5,2598.36,2507.79,202.56,1052.32
2009-04,1.0006,1.7743,3.1072,3.725,127.8247,111.59,2718.49,2622.93,197.75,1098.69
2009-05,0.9605,1.605,3.0409,3.5332,128.3851,111.76,2864.81,2759.71,208.69,1122.44
2009-06,0.981,1.8022,3.2403,3.8402,128.2686,111.83,3303.17,3166.47,207.41,1159.31
2009-07,1.6408,2.4311,3.503,4.3472,127.4755,111.82,3902.26,3734.62,206.26,1207.92
2009-08,1.6023,2.3391,3.4805,4.3953,127.8034,112.01,2958.4,2830.27,209.85,1239.57
2009-09,1.4455,2.3149,3.5132,4.7692,127.793,112.18,3142.84,3004.8,219.71,1206.1
2009-10,1.5171,2.4817,3.6886,4.9735,127.6908,112.31,3431.08,3280.37,230.45,1266.9
2009-11,1.4821,2.3645,3.5569,5.025,128.1861,112.48,3673.0,3511.67,258.25,1342.04
2009-12,1.4953,2.4374,3.6422,4.9143,128.5032,112.64,3739.99,3575.68,244.5,1422.2
2010-01,1.6529,2.5063,3.58,4.6496,128.9535,112.82,3351.39,3204.16,239.7,1329.75
2010-02,1.6294,2.4566,3.3753,4.5711,129.8012,113.02,3432.46,3281.67,243.54,1378.03
2010-03,1.5501,2.3318,3.4818,4.3481,130.5083,113.26,3499.54,3345.61,244.57,1375.6
2010-04,1.5892,2.3059,3.3565,4.1703,131.1865,113.42,3210.61,3067.36,257.26,1359.88
2010-05,1.8162,2.3039,3.243,4.136,131.7527,113.51,2909.36,2773.26,266.01,1292.05
2010-06,2.1346,2.3997,3.279,4.2233,131.809,113.54,2696.46,2563.07,271.44,1252.98
2010-07,1.9318,2.32,3.2996,4.0207,132.5175,113.88,3029.91,2868.85,255.8,1311.77
2010-08,1.9163,2.3341,3.2301,3.9212,133.0377,114.12,3066.71,2903.19,270.63,1343.04
2010-09,1.9459,2.3473,3.3183,4.1789,132.982,114.29,3103.23,2935.57,282.1,1397.05
2010-10,2.043,2.6137,3.6821,4.543,132.1395,114.48,3573.01,3379.98,289.2,1476.54
2010-11,2.7925,3.2907,3.971,5.372,130.3201,114.33,3316.14,3136.99,295.08,1467.24
2010-12,3.3,3.41,3.8799,5.2979,131.0211,114.46,3306.94,3128.26,301.8,1593.43
2011-01,3.1527,3.3612,4.0187,5.3781,131.048,114.72,3252.23,3076.51,285.7,1631.75
2011-02,3.0,3.3574,3.9314,5.6285,131.2884,115.15,3424.69,3239.56,299.6,1611.74
2011-03,2.8734,3.2328,3.912,5.7585,131.839,115.54,3407.97,3223.29,302.16,1557.59
2011-04,2.8094,3.2594,3.8713,5.6375,132.3772,115.83,3376.42,3192.72,320.17,1526.16
2011-05,3.0348,3.2809,3.8311,5.6411,132.8288,116.11,3178.2,3001.56,320.64,1525.62
2011-06,3.4742,3.47,3.8857,5.7928,132.4263,116.21,3249.17,3044.09,314.7,1505.6
2011-07,3.7339,3.7126,4.0477,6.2907,131.7212,116.41,3179.51,2972.08,334.0,1559.18
2011-08,3.9174,3.9108,4.105,6.6628,131.8243,116.72,3046.65,2846.78,377.69,1534.66
2011-09,3.6069,3.7119,3.8605,7.1532,132.7792,117.25,2763.53,2581.35,338.49,1362.93
2011-10,3.1398,3.4902,3.7607,7.038,134.6511,117.82,2885.58,2695.31,350.49,1351.1
2011-11,2.7366,3.0994,3.6091,6.8133,136.2417,118.34,2699.74,2521.52,351.77,1309.06
2011-12,2.7167,2.864,3.4211,6.7406,137.7031,118.69,2511.63,2345.74,319.8,1323.16
2012-01,2.7658,2.8893,3.4064,6.4663,138.7639,119.13,2638.53,2464.26,354.16,1393.18
2012-02,2.9475,3.0602,3.534,6.2508,138.4534,119.5,2820.43,2634.14,361.96,1422.44
2012-03,2.8355,2.9225,3.5004,6.0946,138.9382,119.98,2628.72,2454.9,339.04,1404.74
2012-04,2.8562,2.9582,3.5391,5.6598,139.2292,120.37,2813.18,2626.16,336.09,1404.66
2012-05,2.2307,2.4454,3.3443,5.1053,141.3857,121.2,2827.63,2632.04,321.75,1314.19
2012-06,2.342,2.5235,3.3253,4.8865,141.8743,121.42,2670.81,2461.61,322.49,1310.63
2012-07,2.3077,2.6257,3.2915,4.9033,142.3204,121.72,2542.33,2332.92,332.35,1307.82
2012-08,2.6806,2.9766,3.3928,5.4598,141.7468,121.84,2407.08,2204.87,339.69,1302.97
2012-09,2.7921,3.0665,3.4574,5.6076,141.6713,122.08,2506.22,2293.11,360.03,1351.38
2012-10,2.9327,3.04,3.5739,5.4839,141.9826,122.48,2464.59,2254.82,343.94,1328.96
2012-11,2.8834,3.0534,3.5332,5.4949,142.4085,122.8,2338.81,2139.66,346.02,1322.35
2012-12,2.905,3.0956,3.5738,5.4829,142.7568,123.17,2757.77,2522.95,334.5,1378.96
2013-01,2.8047,3.1129,3.6054,5.2077,143.5933,123.66,2936.96,2686.88,336.8,1406.43
2013-02,2.7612,3.1078,3.5957,5.0766,144.3294,124.03,2922.14,2673.33,323.99,1358.2
2013-03,2.679,3.0917,3.5392,5.151,144.8163,124.36,2727.51,2495.08,320.23,1293.57
2013-04,2.7842,2.975,3.4314,5.1091,145.7612,124.71,2675.94,2447.31,296.5,1226.4
2013-05,2.8682,3.0607,3.4399,4.9974,146.6039,125.08,2856.77,2606.43,281.5,1226.5
2013-06,3.4812,3.2033,3.5125,5.3814,146.1482,124.86,2438.25,2200.64,243.5,1182.59
2013-07,3.4908,3.5551,3.7214,5.7334,145.7451,125.42,2451.31,2193.02,265.8,1193.39
2013-08,3.6186,3.8438,4.0354,6.0098,144.7978,125.8,2589.87,2313.91,277.6,1251.7
2013-09,3.5451,3.7873,3.9954,5.9952,144.7779,126.29,2699.12,2409.04,265.5,1245.89
2013-10,3.9752,4.0099,4.1806,6.3369,143.9536,126.56,2659.69,2373.72,262.25,1237.58
2013-11,3.9787,4.2652,4.3612,7.155,142.6775,126.76,2732.79,2438.94,244.8,1234.83
2013-12,4.2189,4.4162,4.5518,7.3569,142.3383,127.27,2610.75,2330.03,236.46,1208.4
2014-01,3.6094,4.0398,4.5019,7.2815,143.7103,128.17,2467.83,2202.45,246.4,1156.54
2014-02,3.2775,3.7407,4.4276,6.6945,146.0489,129.06,2441.65,2178.97,262.76,1138.27
2014-03,3.0901,3.8261,4.5004,6.9014,145.8541,129.49,2405.3,2146.3,257.9,1127.56
2014-04,3.5774,3.9541,4.3002,6.5588,147.331,130.13,2420.9,2158.66,260.59,1119.49
2014-05,3.3589,3.8622,4.0714,6.2206,149.5159,130.76,2425.42,2156.46,252.99,1116.75
2014-06,3.3814,3.7822,4.0612,6.0787,150.6288,131.29,2457.31,2165.12,261.99,1126.37
2014-07,3.738,3.9286,4.2655,6.0186,150.3957,131.76,2701.33,2350.25,257.8,1094.55
2014-08,3.8103,3.9555,4.2361,5.8038,151.4629,132.23,2690.75,2338.29,255.0,1064.81
2014-09,3.7401,3.8121,3.9824,5.7838,153.1474,132.81,2821.67,2450.99,241.24,1009.01
2014-10,3.3555,3.4376,3.7559,5.3235,155.9491,133.63,2887.77,2508.32,230.44,1025.18
2014-11,3.0347,3.2913,3.5249,5.0483,157.9232,134.06,3233.96,2808.82,235.5,998.85
2014-12,3.2586,3.3631,3.6219,5.8522,157.0586,134.28,4068.82,3533.71,240.6,1008.5
2015-01,3.0963,3.2198,3.5019,5.4622,158.7366,134.89,3955.35,3434.39,253.2,968.25
2015-02,3.0396,3.1311,3.3602,5.2465,160.1032,135.43,4114.8,3572.84,244.84,1005.59
2015-03,3.2236,3.3066,3.6483,5.74,158.2186,135.78,4665.73,4051.2,235.55,973.41
2015-04,2.694,3.1561,3.3503,5.2824,160.5962,136.67,5474.64,4749.89,240.0,1008.69
2015-05,1.9387,2.9196,3.5954,5.0109,161.5317,137.45,5588.83,4840.83,237.4,1001.85
2015-06,1.7378,2.8973,3.5976,5.0241,161.9581,137.77,5184.41,4473.0,235.0,950.07
2015-07,2.253,2.8712,3.4752,4.6961,163.5099,138.27,4456.1,3816.7,216.9,901.52
2015-08,2.2519,2.9311,3.3252,4.6821,164.589,138.61,3932.81,3366.54,233.87,886.91
2015-09,2.3919,2.9183,3.2362,4.515,165.3788,138.95,3743.8,3202.95,230.5,870.64
2015-10,2.3513,2.7381,3.06,4.1478,167.2342,139.37,4131.55,3534.08,233.91,861.5
2015-11,2.5754,2.8277,3.0404,4.4492,167.3647,139.55,4169.47,3566.41,218.07,821.47
2015-12,2.2979,2.5466,2.8212,4.1197,169.9023,140.1,4362.44,3731.0,222.85,862.03
2016-01,2.3214,2.6149,2.8419,4.1109,170.2482,140.4,3444.77,2946.09,236.5,857.56
2016-02,2.2576,2.537,2.8502,4.0425,170.7618,140.84,3365.43,2877.47,258.69,890.15
2016-03,2.0861,2.3025,2.8419,3.7914,171.8364,141.15,3763.82,3218.09,255.7,939.03
2016-04,2.307,2.5817,2.8913,4.4062,170.6576,141.28,3694.46,3156.75,266.35,1054.23
2016-05,2.3201,2.6074,2.9851,4.2116,171.4143,141.68,3717.2,3169.56,256.9,954.7
2016-06,2.3901,2.5484,2.8411,4.0308,172.5903,142.03,3722.89,3153.92,281.5,1074.37
2016-07,2.2394,2.4802,2.7768,3.6681,174.0471,142.54,3820.43,3203.93,285.83,1079.34
2016-08,2.116,2.4275,2.7425,3.4362,174.9056,142.95,3975.84,3327.79,283.16,1074.25
2016-09,2.1584,2.411,2.7258,3.3533,175.654,143.29,3890.09,3253.28,284.95,1103.13
2016-10,2.1711,2.3407,2.7425,3.3525,176.4144,143.56,3989.45,3336.28,278.95,1214.09
2016-11,2.301,2.6027,2.9502,3.9199,174.9559,143.61,4230.92,3538.0,268.0,1322.69
2016-12,2.6503,2.785,3.0115,4.5411,173.0077,143.71,3958.53,3310.08,264.0,1304.58
2017-01,2.6757,2.8212,3.3465,4.4943,172.4125,144.21,4051.67,3387.96,266.25,1406.75
2017-02,2.7121,2.9001,3.2921,4.6506,172.4182,144.61,4129.22,3452.81,281.9,1390.41
2017-03,2.8632,3.0186,3.2828,4.7763,172.4344,144.89,4134.15,3456.05,277.8,1332.49
2017-04,3.1672,3.2298,3.4668,5.1629,171.647,145.3,4115.46,3439.75,283.48,1294.14
2017-05,3.4542,3.5747,3.6102,5.6412,170.7163,145.64,4188.8,3492.88,279.0,1223.39
2017-06,3.46,3.4973,3.5683,4.9544,172.8237,146.29,4423.11,3666.8,273.1,1294.04
2017-07,3.3974,3.5078,3.626,4.9119,173.3822,146.9,4546.77,3737.87,275.09,1385.33
2017-08,3.3883,3.5797,3.6265,5.2157,173.3073,147.25,4659.23,3822.09,277.91,1458.05
2017-09,3.466,3.5669,3.6136,4.9929,174.2019,147.8,4680.95,3836.5,277.45,1347.75
2017-10,3.5683,3.721,3.8917,5.2438,173.5462,148.25,4889.01,4006.72,273.94,1334.1
2017-11,3.6404,3.7759,3.8901,5.7564,173.1305,148.54,4888.3,4006.1,274.39,1410.97
2017-12,3.7909,3.7808,3.8807,5.7434,173.4528,148.98,4918.52,4030.85,273.0,1407.05
2018-01,3.4701,3.6263,3.914,5.8168,174.0278,149.83,5218.37,4275.9,274.05,1402.74
2018-02,3.2314,3.5228,3.8202,5.7359,175.3983,150.44,4910.53,4023.64,270.3,1432.39
2018-03,3.3221,3.5697,3.7407,5.4033,176.7167,151.06,4757.89,3898.5,270.56,1328.01
2018-04,2.9965,3.1927,3.6217,5.17,178.8007,151.71,4585.66,3756.88,270.3,1355.3
2018-05,3.1488,3.3018,3.6129,5.4531,179.0595,152.03,4652.62,3802.38,269.54,1385.52
2018-06,3.159,3.3124,3.4756,5.5008,180.1619,152.56,4327.29,3510.98,267.38,1385.87
2018-07,2.841,3.0578,3.4812,4.9377,182.1365,153.57,4371.37,3517.66,268.65,1408.34
2018-08,2.8451,3.2727,3.5751,4.9885,182.2357,154.06,4153.82,3334.5,266.47,1426.02
2018-09,2.9657,3.2808,3.6103,5.0097,182.8242,154.5,4287.99,3438.86,264.06,1433.16
2018-10,2.8054,3.1595,3.5086,4.8318,184.4485,155.04,3933.69,3153.82,273.8,1433.02
2018-11,2.4826,2.9899,3.355,4.552,186.2111,155.54,3957.62,3172.69,274.65,1317.23
2018-12,2.6,2.8688,3.2265,4.4087,187.6928,156.01,3755.91,3010.65,284.6,1325.01
2019-01,2.3873,2.6885,3.1037,4.1476,189.212,156.57,3994.17,3201.63,286.7,1415.34
2019-02,2.4053,2.7597,3.1731,4.0988,189.3338,157.02,4578.89,3669.37,286.02,1437.06
2019-03,2.4377,2.7126,3.0683,4.1238,189.876,157.44,4832.43,3872.34,281.0,1414.95
2019-04,2.6902,3.0343,3.3869,4.3446,188.7754,157.66,4886.12,3913.21,280.88,1454.9
2019-05,2.679,2.9418,3.2751,4.0523,190.1014,158.11,4549.72,3629.79,290.8,1454.27
2019-06,2.6429,2.9406,3.2254,4.102,191.107,158.61,4825.33,3825.59,314.43,1485.46
2019-07,2.6183,2.8945,3.1552,4.0673,192.2864,159.1,4876.7,3835.36,319.8,1493.66
2019-08,2.6179,2.7798,3.0573,3.9119,193.4627,159.45,4842.95,3799.59,354.09,1461.12
2019-09,2.5628,2.787,3.1411,3.9704,193.7762,159.88,4866.13,3814.53,344.49,1470.27
2019-10,2.6648,2.9097,3.288,4.0332,193.5607,160.22,4959.07,3886.75,340.3,1462.82
2019-11,2.6431,2.832,3.165,3.8254,194.9995,160.67,4885.38,3828.67,331.69,1473.25
2019-12,2.3631,2.7321,3.1365,3.7842,196.2992,161.25,5227.73,4096.58,340.8,1531.48
2020-01,2.181,2.5877,2.9932,3.6915,197.4826,161.61,5109.45,4003.9,347.88,1486.56
2020-02,1.9291,2.3831,2.7376,3.3677,199.9187,162.26,5027.97,3940.05,365.36,1373.22
2020-03,1.687,2.0086,2.5899,3.3349,201.3385,162.87,4703.97,3686.16,364.27,1278.25
2020-04,1.1465,1.4395,2.538,3.0318,204.0227,163.47,4994.07,3912.58,380.94,1319.27
2020-05,1.601,1.8938,2.7053,3.3371,202.2666,163.44,4950.61,3867.02,391.93,1399.54
2020-06,2.1764,2.3882,2.823,3.7425,200.8851,163.36,5370.27,4163.96,397.76,1418.87
2020-07,2.2428,2.5152,2.9664,3.9772,200.1661,163.52,6098.73,4695.05,428.97,1478.54
2020-08,2.5123,2.8928,3.0177,4.0032,199.7095,163.75,6266.43,4816.22,419.0,1523.53
2020-09,2.6462,2.9301,3.1482,4.0506,199.6219,164.07,5972.42,4587.4,402.97,1427.01
2020-10,2.7273,2.9459,3.181,4.003,200.2989,164.41,6114.3,4695.33,397.21,1423.75
2020-11,2.831,2.9967,3.25,4.4197,200.6436,164.67,6462.76,4960.25,370.58,1541.45
2020-12,2.4739,2.8174,3.1429,4.263,202.13,165.41,6790.39,5211.29,390.0,1644.97
2021-01,2.6799,2.8849,3.1786,4.2913,202.5966,165.58,6973.69,5351.96,384.5,1652.5
2021-02,2.6036,2.9028,3.2798,4.3621,202.7411,166.12,6953.88,5336.76,368.26,1829.1
2021-03,2.577,2.8635,3.1887,4.2724,203.9397,166.61,6578.3,5048.36,356.79,1743.57
2021-04,2.3591,2.7666,3.164,4.1653,204.9009,167.11,6682.75,5123.49,370.97,1861.45
2021-05,2.4113,2.7487,3.045,4.0242,206.0407,167.54,6961.77,5331.57,391.1,1878.74
2021-06,2.4293,2.7781,3.0778,4.0073,206.4481,167.88,6859.06,5224.04,365.82,1906.32
2021-07,2.1346,2.5355,2.8363,3.7485,209.0721,168.41,6357.65,4811.17,380.9,1971.43
2021-08,2.3105,2.5547,2.845,3.83,209.7034,168.77,6366.06,4805.61,377.55,1936.35
2021-09,2.3327,2.5122,2.8776,3.9863,209.8546,169.08,6447.75,4866.38,362.14,2022.31
2021-10,2.31,2.6857,2.9732,4.0133,209.7583,169.41,6509.03,4908.77,370.19,1982.7
2021-11,2.2463,2.5864,2.825,3.8907,211.236,169.83,6407.89,4832.03,368.51,1885.94
2021-12,2.2429,2.4584,2.7754,3.7087,212.4131,170.25,6551.59,4940.37,373.85,1989.47
2022-01,1.9514,2.2318,2.6997,3.5108,214.4025,170.8,6052.16,4563.77,369.04,2136.7
2022-02,2.0442,2.293,2.775,3.5137,213.8762,171.08,6075.87,4581.65,386.7,2214.77
2022-03,2.1299,2.4151,2.7878,3.5725,214.0439,171.36,5599.84,4222.6,394.14,2447.05
2022-04,2.032,2.4315,2.8386,3.3843,215.0498,171.86,5330.21,4016.24,405.2,2487.75
2022-05,1.916,2.3413,2.7426,3.2224,216.3074,172.33,5440.86,4091.52,398.35,2512.62
2022-06,1.9504,2.4491,2.8205,3.2391,216.2946,172.6,6008.25,4485.01,391.7,2304.74
2022-07,1.8623,2.3228,2.756,3.0462,217.7938,173.03,5627.26,4170.1,383.96,2194.92
2022-08,1.7378,2.1918,2.6225,2.9703,219.4716,173.38,5517.09,4078.84,386.83,2198.29
2022-09,1.8535,2.3341,2.7601,3.0612,219.4768,173.55,5149.23,3804.89,390.0,2220.39
2022-10,1.7305,2.2263,2.6433,3.0128,220.7333,173.83,4751.83,3508.7,391.76,2141.76
2022-11,2.1341,2.4717,2.885,3.5954,218.9442,173.84,5218.82,3853.04,405.76,2276.55
2022-12,2.0969,2.404,2.8353,3.869,219.4264,174.23,5251.97,3871.63,410.49,2380.66
2023-01,2.1535,2.529,2.8977,3.9513,219.81,174.62,5639.29,4156.86,418.33,2404.63
2023-02,2.3291,2.5734,2.9017,3.7617,220.3133,174.85,5522.0,4069.46,412.69,2384.69
2023-03,2.2328,2.5089,2.8528,3.6375,221.5013,175.3,5497.03,4050.93,440.74,2346.96
2023-04,2.1464,2.4501,2.7788,3.5729,222.8177,175.69,5470.07,4029.09,443.37,2250.58
2023-05,1.9829,2.251,2.685,3.4583,224.2559,176.22,5166.12,3798.54,449.62,2134.04
2023-06,1.8723,2.2253,2.6351,3.4034,225.2071,176.56,5275.95,3842.45,448.47,2297.63
2023-07,1.8102,2.2566,2.6597,3.3769,226.0833,176.93,5558.39,4014.63,455.35,2446.8
2023-08,1.9051,2.2215,2.5575,3.1988,227.5606,177.2,5223.55,3765.27,464.16,2551.16
2023-09,2.1677,2.3713,2.6751,3.3865,226.7308,177.32,5121.09,3689.52,447.1,2584.31
2023-10,2.2051,2.4301,2.6938,3.3603,226.6943,177.63,4962.49,3572.51,476.86,2533.81
2023-11,2.3367,2.4721,2.668,3.261,227.603,177.95,4857.64,3496.2,474.04,2556.96
2023-12,2.0796,2.2894,2.5553,3.1017,229.9023,178.58,4772.18,3431.11,479.59,2528.38
2024-01,1.8802,2.193,2.433,2.8536,232.3361,179.0,4472.09,3215.35,480.0,2518.66
2024-02,1.7871,2.1005,2.3375,2.7061,234.0485,179.46,4890.36,3516.08,480.96,2524.89
2024-03,1.7225,2.0315,2.2901,2.7778,234.4654,179.77,4920.26,3537.48,527.54,2534.39
2024-04,1.6928,1.9836,2.3028,2.5988,235.4005,180.15,5019.19,3604.39,545.8,2682.11
2024-05,1.6444,1.936,2.2926,2.3979,236.499,180.55,4996.33,3579.92,553.6,2727.22
2024-06,1.539,1.796,2.2058,2.2853,238.5433,180.89,4870.47,3461.66,549.88,2648.18
2024-07,1.4201,1.7062,2.1494,2.1367,240.371,181.26,4899.82,3442.08,563.26,2510.83
2024-08,1.49,1.6679,2.1704,2.309,240.4802,181.45,4740.34,3321.43,573.44,2472.97
2024-09,1.3679,1.5636,2.1518,2.4842,240.6809,181.73,5741.03,4017.85,595.25,2586.67
2024-10,1.426,1.5835,2.1476,2.5941,241.1357,182.05,5567.99,3891.04,634.0,2550.29
2024-11,1.3698,1.4142,2.0206,2.336,243.2787,182.4,5609.78,3916.58,614.88,2522.64
2024-12,1.0843,1.1872,1.6752,2.0606,247.3856,182.88,5642.6,3934.91,614.8,2496.47
2025-01,1.3036,1.3108,1.6299,2.0972,248.2817,182.92,5485.73,3817.08,643.1,2559.97
2025-02,1.4597,1.5182,1.7152,2.3256,246.4052,183.03,5590.6,3890.05,670.78,2552.92
2025-03,1.5379,1.606,1.8129,2.2527,245.8689,183.4,5586.83,3887.31,730.8,2534.37
2025-04,1.4599,1.4766,1.6243,2.1953,248.6667,183.76,5427.04,3770.57,780.19,2407.42
2025-05,1.4552,1.4777,1.6712,2.1001,248.7387,184.04,5536.49,3840.23,768.79,2349.69
2025-06,1.3402,1.3959,1.6469,1.9923,249.9816,184.35,5719.97,3936.08,764.43,2444.29
2025-07,1.3807,1.443,1.7044,2.0118,249.7924,184.6,5964.36,4075.59,767.36,2537.12
2025-08,1.3698,1.4776,1.8379,2.0787,248.6863,184.83,6591.65,4496.76,781.71,2521.31
2025-09,1.3653,1.5204,1.8605,2.1965,247.6558,185.06,6811.55,4640.69,871.86,2539.12
2025-10,1.3826,1.4146,1.7954,2.0314,249.2522,185.35,6824.43,4640.67,921.5,2538.87
2025-11,1.4017,1.4351,1.8412,2.0968,249.0448,185.51,6662.17,4526.66,948.15,2552.44
2025-12,1.3372,1.383,1.8473,2.153,248.9888,185.78,6826.62,4629.94,974.9,2631.32
2026-01,1.2999,1.4014,1.8112,2.0346,249.9672,186.05,6947.51,4706.34,1163.95,2858.0
2026-02,1.3168,1.3776,1.7753,2.0131,250.5117,186.3,6959.11,4710.65,1142.97,2820.27
2026-03,1.2618,1.3771,1.8312,1.9613,250.3653,186.5,6901.38,4686.72,1117.0,3143.31
